Month,Day,Hour,Year,Lufttemperatur,Lufttryck reducerat havsytans nivå,Relativ Luftfuktighet,Sikt,Total molnmängd,Vindriktning,Vindhastighet
12,14,12,2003,4.5,977.5,95.70833333333331,5000.0,50.0,260.0,5.0
6,28,5,1969,13.0,1012.5,83.02027777777778,30000.0,0.0,230.0,3.0
3,4,24,2006,-12.4,994.5,90.95833333333331,9000.0,100.0,300.0,1.0
11,29,7,1969,-6.4,994.1,90.5936108929039,2000.0,100.0,360.0,8.0
8,16,5,1997,13.2,1020.9,93.0187702265372,50000.0,13.0,170.0,1.5
8,13,11,1981,22.9,1016.6,89.78134934652067,30000.0,88.0,240.0,2.0
3,18,8,1954,-1.7333333333333334,1009.4333333333332,95.16666666666669,16000.0,100.0,300.0,4.5
2,25,2,1969,-4.6,1024.2,83.8411111111111,8000.0,100.0,70.0,4.0
5,22,4,1969,5.8,1019.8,83.26722222222222,15000.0,88.0,310.0,2.0